insert into ingredient(id_ingredient, ingredient_name) values (1, 'Pepperoni'),
                                       (2, 'Szynka'),
                                       (3, 'Wołowina'),
                                       (4, 'Wieprzowina'),
                                       (5, 'Kurczak'),
                                       (6, 'Boczek'),
                                       (7, 'Kukurydza'),
                                       (8, 'Mozzarella'),
                                       (9, 'Oliwki'),
                                       (10, 'Jalapeno'),
                                       (11, 'Ananas'),
                                       (12, 'Pieczarki'),
                                       (13, 'Papryka'),
                                       (14, 'Pomidory'),
                                       (15, 'Rukola'),
                                       (16, 'Szpinak'),
                                       (17, 'Kurczak kebab'),
                                       (18, 'Kiełbasa'),
                                       (19, 'Ser corregio'),
                                       (20, 'Ser śródziemnomorski'),
                                        (21, 'Czerwona cebula');

insert into dish (id_dish, dish_name) values (1, 'Pizza Kurczak'),
                                        (2, 'Pizza Wiejska'),
                                        (3, 'Pizza Kebab'),
                                        (4, 'Pizza Serowa'),
                                        (5, 'Pizza Grecka'),
                                        (6, 'Pizza Margherita'),
                                        (7, 'Pizza Pepperoni'),
                                        (8, 'Pizza Hawajska'),
                                        (9, 'Pizza Classica'),
                                        (10, 'Pizza Americana'),
                                        (11, 'Pizza Teksas'),
                                        (12, 'Pizza Europejska'),
                                        (13, 'Pizza Hot Pepperoni'),
                                        (14, 'Pizza Supreme'),
                                        (15, 'Pizza Farmerska'),
                                        (16, 'Pizza Mięsna'),
                                        (17, 'Pizza Capricciosa');

insert into dish_ingredient(id_dish, id_ingredient) values (1, 5),
                                                           (1, 7),
                                                           (1, 8),
                                                           (2, 12),
                                                           (2, 18),
                                                           (2, 7),
                                                           (2, 8),
                                                           (2, 21),
                                                           (3, 17),
                                                           (3, 8),
                                                           (3, 21),
                                                           (4, 8),
                                                           (4, 19),
                                                           (5, 20),
                                                           (5, 9),
                                                           (5, 8),
                                                           (6, 8),
                                                           (7, 1),
                                                           (7, 8),
                                                           (8, 8),
                                                           (8, 11),
                                                           (8, 2),
                                                           (9, 2),
                                                           (9, 8),
                                                           (9, 12),
                                                           (10, 12),
                                                           (10, 8),
                                                           (11, 5),
                                                           (11, 21),
                                                           (11, 8),
                                                           (12, 3),
                                                           (12, 2),
                                                           (12, 12),
                                                           (12, 8),
                                                           (13, 1),
                                                           (13, 8),
                                                           (13, 10),
                                                           (13, 21),
                                                           (14, 3),
                                                           (14, 1),
                                                           (14, 21),
                                                           (14, 12),
                                                           (14, 8),
                                                           (15, 5),
                                                           (15, 21),
                                                           (15, 12),
                                                           (15, 8),
                                                           (16, 3),
                                                           (16, 4),
                                                           (16, 1),
                                                           (16, 8),
                                                           (17, 2),
                                                           (17, 12),
                                                           (17, 14),
                                                           (17, 9),
                                                           (17, 8);



insert into voivodeship(id_voivodeship, voivodeship_name) values (1, 'Wielkopolskie'),
                                                                 (2, 'Mazowieckie');

insert into city(id_city, city_name) values (1, 'Poznań'),
                                            (2, 'Kalisz'),
                                            (3, 'Konin'),
                                            (4, 'Piła'),
                                            (5, 'Leszno'),
                                            (6, 'Luboń'),
                                            (7, 'Warszawa'),
                                            (8, 'Ciechanów'),
                                            (9, 'Radom');
-- insert into payment(id_payment, type) values (1, 'GOTOWKA'), (2, 'KARTA');

